index,style,windows,vec_size,epochs,path,wordsim_r,wordsim_p_r,wordsim_rho,wordsim_prho,wordsim_coverage,simlex_r,simlex_p_r,simlex_rho,simlex_prho,simlex_coverage,analogy_sem,analogy_sem_coverage,analogy_mor,analogy_mor_coverage,analogy_all,analogy_all_coverage
22,skipgram,5,300,5,models/skipgram_win-5_vsize-300_ep-5.model,0.4404167507742851,1.3011467837699288e-17,0.4650591923617736,1.058730028761484e-19,0.9660056657223796,0.2628329871521682,3.617863960434829e-17,0.2578265580997546,1.475346610373072e-16,0.994994994994995,0.05027590435315757,0.36779794790844517,0.04377412147064798,0.9223419203747073,0.04539212694537687,0.6706917724109701
5,cbow,5,300,7,models/cbow_win-5_vsize-300_ep-7.model,0.3664134853264017,2.831176921401904e-12,0.36913717599886536,1.898163222251919e-12,0.9660056657223796,0.15332877574784007,1.1931179269277663e-06,0.1475471888459778,2.9890529130763614e-06,0.994994994994995,0.08215818516247701,0.36779794790844517,0.14787731058297787,0.9223419203747073,0.1315227342081172,0.6706917724109701
